{
    "loss": 12.02954387664795,
    "accuracy": 0.5467625856399536
}