{
    "loss": 20.461162567138672,
    "accuracy": 0.5323740839958191
}