{
    "loss": 0.38751259446144104,
    "accuracy": 0.9568345546722412
}